{
  "portrait": {
    "ai": {
      "type": "TEXTURE",
      "value": "chatbox:textures/chatbox/robotface.png",
      "x": 5.5,
      "y": 25,
      "width": 8,
      "height": 16
    },
    "ai_intro_custom_animation": {
      "type": "TEXTURE",
      "value": "chatbox:textures/chatbox/robotface.png",
      "x": 5.5,
      "y": 25,
      "width": 8,
      "height": 16,
      "animation": "CUSTOM",
      "customAnimation": [
        {
          "time": 5,
          "y": 100,
          "scale": 1,
          "opacity": 100,
          "easing": "EASE_IN_OUT_SINE"
        },
        {
          "time": 50,
          "y": 25,
          "scale": 1,
          "opacity": 100,
          "easing": "EASE_IN_OUT_SINE"
        }
      ]
    },
    "online_button": {
      "type": "TEXTURE",
      "value": "chatbox:textures/chatbox/online.png",
      "x": 5,
      "y": 20,
      "width": 9,
      "height": 6,
      "animation": "CUSTOM",
      "customAnimation": [
        {
          "time": 10,
          "opacity": 30,
          "easing": "EASE_IN_OUT_SINE"
        },
        {
          "time": 20,
          "opacity": 100,
          "easing": "EASE_IN_OUT_SINE"
        },
        {
          "time": 20,
          "opacity": 30,
          "easing": "EASE_IN_OUT_SINE"
        },
        {
          "time": 20,
          "opacity": 100,
          "easing": "EASE_IN_OUT_SINE"
        }
      ]
    },
    "radio_on": {
      "type": "TEXTURE",
      "value": "chatbox:textures/chatbox/radio_enabled.png",
      "width": 5,
      "y":20,
      "height": 10
    }
  },
  "option": {
    "x": 0,
    "y": 0,
    "width": 0,
    "height": 0,
    "opacity": 0
  },
  "dialogBox": {
    "texture": "chatbox:textures/chatbox/default_dialog_box.png",
    "x": 38,
    "y": 80,
    "width": 25,
    "height": 3,
    "textX": 0,
    "textY": 1,
    "lineWidth": 25
  },
  "logButton": {
    "x": -100,
    "y": -100,
    "width": 0,
    "height": 0,
    "opacity": 0
  }
}